{"published": "Friday, February 20, 2026 4:00PM", "expires": "Saturday, February 21, 2026 4:00PM", "url": "https://avalanche.ca/forecasts/d8c2c7b1-1a54-4728-8f0b-cf00db39be80_9f6d67ad8e38dcb49f1e987ebe9f6f6451658cec252e8b6d9d9e096ba9689d1f", "name": "Avalanche Canada", "danger": [{"valid_day": "Saturday", "lower_num": 1, "lower_name": "Low", "middle_num": 2, "middle_name": "Moderate", "upper_num": 2, "upper_name": "Moderate"}, {"valid_day": "Sunday", "lower_num": 3, "lower_name": "Considerable", "middle_num": 3, "middle_name": "Considerable", "upper_num": 3, "upper_name": "Considerable"}, {"valid_day": "Monday", "lower_num": 3, "lower_name": "Considerable", "middle_num": 3, "middle_name": "Considerable", "upper_num": 3, "upper_name": "Considerable"}]}